mpra_experiment,disease,snp,MHC_eGenes,chr,pos,pad_start,pad_end,ref,alt,is_maf01,sequence,reverse_complement,percent_GC,is_cas9_PAM,is_cas12_PAM,is_cas9_gRNA,is_cas12_gRNA
skin,Atopic dermatitis|Atopic dermatitis|Atopic dermatitis,rs3130348,HLA-C|HLA-C|HLA-C,chr6,32172500,32172475,32172525,C,A,True,ATTAAGTTAAACTCTTAAAATGATG*C*ATATGATAGTCTAGAAAGTACTATT,AATAGTACTTTCTAGACTATCATAT*G*CATCATTTTAAGAGTTTAACTTAAT,22.641509433962263,False,False,False,True
cancer,gm,rs9275212,PSMB9,chr6,32690550,32690525,32690575,G,T,True,AAACTGCCGGTAGAAATATAAAATT*G*TAAGGAATAAATTCCACAAAAAAAT,ATTTTTTTGTGGAATTTATTCCTTA*C*AATTTTATATTTCTACCGGCAGTTT,24.528301886792452,False,False,True,True
cancer,hmec,rs3132645,HLA-F;HLA-E;HLA-C;HLA-S;HLA-K;HLA-J;HLA-H;HLA-G;HLA-V;HLA-L;HLA-A,chr6,30441472,30441447,30441497,T,C,True,TAGTAGATTCCTGATGGGTTTTCTC*T*GATGATTAAATTATATATTGTCTAT,ATAGACAATATATAATTTAATCATC*A*GAGAAAACCCATCAGGAATCTACTA,26.41509433962264,False,False,False,True
cancer,gm,rs35472814,PSMB8;PSMB9;TAP2,chr6,32692120,32692095,32692145,T,C,True,ATACAGATGTTAAATGAAATCTGTA*T*GTGGAACTATTGGTCTCAATGATAT,ATATCATTGAGACCAATAGTTCCAC*A*TACAGATTTCATTTAACATCTGTAT,28.30188679245283,False,False,True,False
skin,Rosacea|Rosacea|Rosacea|Rosacea|Rosacea|Rosacea,rs1264350,HLA-K;HLA-A;HLA-J;HLA-C|HLA-K;HLA-A;HLA-J;HLA-C|HLA-K;HLA-A;HLA-J;HLA-C|HLA-K;HLA-A;HLA-J;HLA-C|HLA-K;HLA-A;HLA-J;HLA-C|HLA-K;HLA-A;HLA-J;HLA-C,chr6,30828768,30828743,30828793,T,C,True,TCTGACTTAATTTTTATATTCAGTA*T*AGAATCATGACTCAGCTTTCCCTGT,ACAGGGAAAGCTGAGTCATGATTCT*A*TACTGAATATAAAAATTAAGTCAGA,30.18867924528302,False,False,False,True
skin,Rosacea|Rosacea|Rosacea|Rosacea|Rosacea|Rosacea|Rosacea|Rosacea|Rosacea,rs117984242,HLA-V;HLA-K;HLA-L|HLA-V;HLA-K;HLA-L|HLA-V;HLA-K;HLA-L|HLA-V;HLA-K;HLA-L|HLA-V;HLA-K;HLA-L|HLA-V;HLA-K;HLA-L|HLA-V;HLA-K;HLA-L|HLA-V;HLA-K;HLA-L|HLA-V;HLA-K;HLA-L,chr6,30597176,30597151,30597201,C,T,True,CTTAAAATACAGTAAAAACTTTAAG*C*TCTCTTTTAAGGTTCTTGTGGCTTG,CAAGCCACAAGAACCTTAAAAGAGA*G*CTTAAAGTTTTTACTGTATTTTAAG,30.18867924528302,False,False,False,True
skin,Psoriasis,rs2548225,ERAP2,chr5,96937329,96937304,96937354,A,T,True,GTGAACTACTGATTATATTCTCCCT*A*TTCCTAATGTAGAATGCTTTATTCT,AGAATAAAGCATTCTACATTAGGAA*T*AGGGAGAATATAATCAGTAGTTCAC,30.18867924528302,False,False,True,False
skin,Cutaneous lupus,rs9263472,HLA-C,chr6,31082262,31082237,31082287,T,A,True,ATTCCTTTACCTGGTTACAGAAAGA*T*ATTACCAAGAAAAAGAGGGAATTGA,TCAATTCCCTCTTTTTCTTGGTAAT*A*TCTTTCTGTAACCAGGTAAAGGAAT,32.075471698113205,False,False,False,True
skin,Rosacea|Rosacea|Rosacea,rs73425726,HLA-V;HLA-G;HLA-K;HLA-L|HLA-V;HLA-G;HLA-K;HLA-L|HLA-V;HLA-G;HLA-K;HLA-L,chr6,30779306,30779281,30779331,T,C,True,AAAAATTTACCAAGGCAGTTGTAGG*T*AGAGAAAGGCAGATTTATTACAGTA,TACTGTAATAAATCTGCCTTTCTCT*A*CCTACAACTGCCTTGGTAAATTTTT,32.075471698113205,False,False,False,True
skin,Cutaneous lupus|Cutaneous lupus,rs3130665,HLA-G;HLA-K;HLA-A;HLA-J;HLA-C|HLA-G;HLA-K;HLA-A;HLA-J;HLA-C,chr6,30768202,30768177,30768227,C,T,True,AGCTGCATTCTTTTTATAACCTCAT*C*TTTTTTTGATCTGCATCACCTCCCT,AGGGAGGTGATGCAGATCAAAAAAA*G*ATGAGGTTATAAAAAGAATGCAGCT,35.84905660377358,False,False,True,True
skin,Rosacea,rs17186475,HLA-V;HLA-K,chr6,29966571,29966546,29966596,A,C,True,TCCTGAGTAATAAATGGTAAAAGAC*A*CAATGGCTGTGCTGTCATGAACAAA,TTTGTTCATGACAGCACAGCCATTG*T*GTCTTTTACCATTTATTACTCAGGA,35.84905660377358,False,False,True,False
skin,Psoriasis|Psoriasis|Psoriasis,rs3094222,HLA-L;HLA-C|HLA-L;HLA-C|HLA-L;HLA-C,chr6,31113657,31113632,31113682,A,G,True,TAGAGTATAAGAAACCTTGGGAGAA*A*GTGGCTATTTCCAAGTAACAGTAGA,TCTACTGTTACTTGGAAATAGCCAC*T*TTCTCCCAAGGTTTCTTATACTCTA,35.84905660377358,False,False,True,False
skin,Psoriasis|Psoriasis,rs10044354,ERAP2|ERAP2,chr5,96984791,96984766,96984816,C,T,True,TCCCTTCTTCACCTTTTCAAATACT*C*ATCTTTTTAGGCCCTCTTCAGGTTT,AAACCTGAAGAGGGCCTAAAAAGAT*G*AGTATTTGAAAAGGTGAAGAAGGGA,37.735849056603776,False,False,False,True
skin,Atopic dermatitis,rs41293864,HLA-B,chr6,31498440,31498415,31498465,C,T,True,CACCTCAGCCCTGCTTTCCCATCTC*C*CGTCTCTTTTTTTTTTTTTTTTTTT,AAAAAAAAAAAAAAAAAAAGAGACG*G*GAGATGGGAAAGCAGGGCTGAGGTG,37.735849056603776,False,False,True,True
skin,Psoriasis|Psoriasis,rs1559267,ERAP2|ERAP2,chr5,96967994,96967969,96968019,A,T,True,GCCTTGAGAGTTTCCTAAACCTTCT*A*TCCTCAACTTCTAATTCTTGAACAG,CTGTTCAAGAATTAGAAGTTGAGGA*T*AGAAGGTTTAGGAAACTCTCAAGGC,37.735849056603776,False,False,True,True
cancer,gm,rs9276411,PSMB9;TAP2;PSMB8,chr6,32742698,32742673,32742723,T,C,True,AGCACTTGGCTTTTTTGTTTCAAAT*T*TCCTTTCTTCAACCTCACACCAGAG,CTCTGGTGTGAGGTTGAAGAAAGGA*A*ATTTGAAACAAAAAAGCCAAGTGCT,37.735849056603776,False,False,False,True
cancer,hmec,rs72797306,IRF1,chr5,132465058,132465033,132465083,G,C,True,AGCTATGTTTTTCAGAGATCCATGT*G*ATTATTTGCCTAATGTCTGCCTCCC,GGGAGGCAGACATTAGGCAAATAAT*C*ACATGGATCTCTGAAAAACATAGCT,39.62264150943396,False,False,True,True
skin,Psoriasis,rs2905736,HLA-B,chr6,31485513,31485488,31485538,G,A,True,CCAAACAAGCACTGCATATCTACAC*G*GCTGAGTCTACAAACATTTAACACA,TGTGTTAAATGTTTGTAGACTCAGC*C*GTGTAGATATGCAGTGCTTGTTTGG,39.62264150943396,False,False,False,True
skin,Psoriasis|Psoriasis|Psoriasis,rs115838062,HLA-L|HLA-L|HLA-L,chr6,31246721,31246696,31246746,C,G,True,TATGTAGCTTTCACTGGTGATATCT*C*CAGTTACTGGAAAATCTGAGGCAAC,GTTGCCTCAGATTTTCCAGTAACTG*G*AGATATCACCAGTGAAAGCTACATA,39.62264150943396,False,False,False,True
cancer,airway;gm,rs2596505,HLA-E;HLA-C;HLA-S;HLA-B,chr6,31351008,31350983,31351033,C,T,True,AGCCTGCTTTCCATTAAAAGCCTTG*C*GTACCCTCACTACCTGTCTAAATAA,TTATTTAGACAGGTAGTGAGGGTAC*G*CAAGGCTTTTAATGGAAAGCAGGCT,41.509433962264154,False,False,True,True
cancer,airway;hmec,rs3131073,HLA-F;HLA-K;HLA-H;HLA-G;HLA-V;HLA-T;HLA-A,chr6,28953195,28953170,28953220,G,A,True,CTGTCTGACAACATATGCCGGGCCC*G*GCAATTATAGAGATAATTGTATACT,AGTATACAATTATCTCTATAATTGC*C*GGGCCCGGCATATGTTGTCAGACAG,41.509433962264154,False,False,True,False
skin,Atopic dermatitis,rs2516414,HLA-B,chr6,31492206,31492181,31492231,T,C,True,ACTTTAGATCTAAGCCAGCCTGATT*T*CTGAAAGCCTTGGACCGTTTCCAAA,TTTGGAAACGGTCCAAGGCTTTCAG*A*AATCAGGCTGGCTTAGATCTAAAGT,41.509433962264154,False,False,True,True
cancer,gm,rs2858310,PSMB9,chr6,32700546,32700521,32700571,G,A,True,CATCTCAGATTGCATCATATTCTGA*G*CACATGGAAGGAAGAGTACGGGAAA,TTTCCCGTACTCTTCCTTCCATGTG*C*TCAGAATATGATGCAATCTGAGATG,41.509433962264154,False,False,True,False
skin,Psoriasis|Psoriasis,rs41293919,HLA-B|HLA-B,chr6,31542203,31542178,31542228,G,T,True,TTCACTGCTACCGCCAGTAACAAAA*G*ATATAAAGGAAACTAACGTCTCCCC,GGGGAGACGTTAGTTTCCTTTATAT*C*TTTTGTTACTGGCGGTAGCAGTGAA,41.509433962264154,False,False,False,True
skin,Rosacea|Rosacea|Rosacea,rs112654689,HLA-V;HLA-G;HLA-K;HLA-L|HLA-V;HLA-G;HLA-K;HLA-L|HLA-V;HLA-G;HLA-K;HLA-L,chr6,30779125,30779100,30779150,C,T,True,TAAAAATACAAAAGTTAGCCGGGCG*C*GGTGGTGGGTGCTTGTAATCTAATC,GATTAGATTACAAGCACCCACCACC*G*CGCCCGGCTAACTTTTGTATTTTTA,43.39622641509434,True,False,True,False
skin,Atopic dermatitis,rs8111,HLA-C,chr6,32115398,32115373,32115423,C,T,True,TCCAAAATGAAAAAACTTCCCTTGT*C*CCACCTGGGGACTAAATTCCCACCT,AGGTGGGAATTTAGTCCCCAGGTGG*G*ACAAGGGAAGTTTTTTCATTTTGGA,43.39622641509434,False,False,True,True
skin,Rosacea|Rosacea|Rosacea|Rosacea|Rosacea|Rosacea|Rosacea|Rosacea|Rosacea,rs17189364,HLA-V;HLA-G;HLA-K;HLA-L|HLA-V;HLA-G;HLA-K;HLA-L|HLA-V;HLA-G;HLA-K;HLA-L|HLA-V;HLA-G;HLA-K;HLA-L|HLA-V;HLA-G;HLA-K;HLA-L|HLA-V;HLA-G;HLA-K;HLA-L|HLA-V;HLA-G;HLA-K;HLA-L|HLA-V;HLA-G;HLA-K;HLA-L|HLA-V;HLA-G;HLA-K;HLA-L,chr6,30722858,30722833,30722883,G,A,True,TGATCCCTGCTGTCTCCCATTTCCA*G*TATATCTATAAACCTTCCCTTCTGC,GCAGAAGGGAAGGTTTATAGATATA*C*TGGAAATGGGAGACAGCAGGGATCA,43.39622641509434,False,False,True,True
skin,Cutaneous lupus|Cutaneous lupus,rs3129973,HLA-G;HLA-K;HLA-A;HLA-J;HLA-C|HLA-G;HLA-K;HLA-A;HLA-J;HLA-C,chr6,30753366,30753341,30753391,C,T,True,ACCTTGCAGGCTTTCTCTTTCAACA*C*CCCCATTGCTTCTTGATGTTGTGCA,TGCACAACATCAAGAAGCAATGGGG*G*TGTTGAAAGAGAAAGCCTGCAAGGT,45.283018867924525,False,False,False,True
skin,Rosacea|Rosacea|Rosacea|Rosacea|Rosacea|Rosacea|Rosacea|Rosacea|Rosacea,rs73727448,HLA-V;HLA-K|HLA-V;HLA-K|HLA-V;HLA-K|HLA-V;HLA-K|HLA-V;HLA-K|HLA-V;HLA-K|HLA-V;HLA-K|HLA-V;HLA-K|HLA-V;HLA-K,chr6,30566062,30566037,30566087,G,A,True,AAGCCTGCCAGTTATTGTCAGGCCA*G*TTCCCAATTCTCAGGGACTGTTTTT,AAAAACAGTCCCTGAGAATTGGGAA*C*TGGCCTGACAATAACTGGCAGGCTT,45.283018867924525,False,False,True,False
skin,Rosacea|Rosacea|Rosacea,rs73727450,HLA-V;HLA-K|HLA-V;HLA-K|HLA-V;HLA-K,chr6,30597219,30597194,30597244,A,T,True,GTGGCTTGTTGCAGGAGATAGAAGA*A*AGGTGAGAAGCAGGCAGTAAATGGA,TCCATTTACTGCCTGCTTCTCACCT*T*TCTTCTATCTCCTGCAACAAGCCAC,45.283018867924525,False,False,True,False
skin,Cutaneous lupus,rs9501053,HLA-C,chr6,31115643,31115618,31115668,G,A,True,AGAGGAAGGTATAACTTCTTCAGGC*G*TCAGAGGTGCTCTGAGAGCATTTCA,TGAAATGCTCTCAGAGCACCTCTGA*C*GCCTGAAGAAGTTATACCTTCCTCT,45.283018867924525,False,False,True,False
skin,Rosacea,rs11967808,HLA-V;HLA-K;HLA-L,chr6,30211411,30211386,30211436,G,C,True,CTGTGTCTTTTCTATTCTGATCCTG*G*GGGGGTCCAAGTCTGAAGTCATTCC,GGAATGACTTCAGACTTGGACCCCC*C*CAGGATCAGAATAGAAAAGACACAG,47.16981132075472,False,False,True,True
skin,Psoriasis,rs2523833,HLA-C;HLA-L,chr6,31142170,31142145,31142195,C,T,True,CCCCAGGCTAATACAGTGCCTAGCT*C*TGACATTCCTGTTGAACGAGTGAAT,ATTCACTCGTTCAACAGGAATGTCA*G*AGCTAGGCACTGTATTAGCCTGGGG,47.16981132075472,False,False,True,False
cancer,airway,rs748404,PDIA3,chr15,43267033,43267008,43267058,T,C,True,GCAGATCACAACTGGTTTGCTCACT*T*GCCCTCAGGTTTTTCTTGGCAGTGT,ACACTGCCAAGAAAAACCTGAGGGC*A*AGTGAGCAAACCAGTTGTGATCTGC,47.16981132075472,False,False,False,True
skin,Cutaneous lupus|Cutaneous lupus,rs9263455,HLA-C|HLA-C,chr6,31075472,31075447,31075497,C,T,True,ATTTGGGCGGGCAACAGGTATACAT*C*GCCTCATGAAAACTGAGTCACTCAG,CTGAGTGACTCAGTTTTCATGAGGC*G*ATGTATACCTGTTGCCCGCCCAAAT,47.16981132075472,False,False,False,True
skin,Rosacea|Rosacea|Rosacea|Rosacea|Rosacea|Rosacea,rs73727137,HLA-L|HLA-L|HLA-L|HLA-L|HLA-L|HLA-L,chr6,30935021,30934996,30935046,C,T,True,CCCTACTGTCTCTGAAATCTTCCCT*C*TGTCTCTGGAGGTCTCCCCACTATC,GATAGTGGGGAGACCTCCAGAGACA*G*AGGGAAGATTTCAGAGACAGTAGGG,50.943396226415096,False,False,True,False
cancer,airway,rs3095311,HLA-E;HLA-C;HLA-S;HLA-B;HLA-L,chr6,31083898,31083873,31083923,A,G,True,TCTCCCTCAATCTTGGCCTGAGTCC*A*AGAGAAAGGCAGCTGCTCTGAGGTT,AACCTCAGAGCAGCTGCCTTTCTCT*T*GGACTCAGGCCAAGATTGAGGGAGA,50.943396226415096,True,False,True,True
skin,Cutaneous lupus|Cutaneous lupus|Cutaneous lupus|Cutaneous lupus,rs3129972,HLA-G;HLA-K;HLA-A;HLA-J;HLA-C|HLA-G;HLA-K;HLA-A;HLA-J;HLA-C|HLA-G;HLA-K;HLA-A;HLA-J;HLA-C|HLA-G;HLA-K;HLA-A;HLA-J;HLA-C,chr6,30749481,30749456,30749506,C,T,True,CCCGCCTACTGGAATATAATCTCCA*C*GAGTGTACAGGGCCACATCTGACCT,AGGTCAGATGTGGCCCTGTACACTC*G*TGGAGATTATATTCCAGTAGGCGGG,50.943396226415096,False,False,True,False
skin,Psoriasis,rs3095311,HLA-L;HLA-C,chr6,31083898,31083873,31083923,A,G,True,TCTCCCTCAATCTTGGCCTGAGTCC*A*AGAGAAAGGCAGCTGCTCTGAGGTT,AACCTCAGAGCAGCTGCCTTTCTCT*T*GGACTCAGGCCAAGATTGAGGGAGA,50.943396226415096,True,False,True,True
skin,Rosacea|Psoriasis|Rosacea|Rosacea|Psoriasis|Rosacea|Rosacea|Psoriasis|Rosacea,rs3094605,HLA-E;HLA-C|HLA-E;HLA-C|HLA-E;HLA-C|HLA-E;HLA-C|HLA-E;HLA-C|HLA-E;HLA-C|HLA-E;HLA-C|HLA-E;HLA-C|HLA-E;HLA-C,chr6,31462917,31462892,31462942,G,C,True,ACAGAGCGTTTGATATAAAAGAAGG*G*GGTAAGAGCCAAGTCCCAGGGCCCG,CGGGCCCTGGGACTTGGCTCTTACC*C*CCTTCTTTTATATCAAACGCTCTGT,50.943396226415096,True,False,True,True
skin,Rosacea|Rosacea|Rosacea,rs118029040,HLA-K;HLA-L|HLA-K;HLA-L|HLA-K;HLA-L,chr6,30810957,30810932,30810982,C,T,True,AGGGACAGCCCCTATGCCCCAGAGG*C*TGCTGAAATTATTCAAACTAGCCGA,TCGGCTAGTTTGAATAATTTCAGCA*G*CCTCTGGGGCATAGGGGCTGTCCCT,50.943396226415096,False,False,True,True
cancer,airway,rs7765136,HLA-S,chr6,31831616,31831591,31831641,G,A,True,GAGGTCCGGAGTTCAAAACCAGCCT*G*GCCAACATAGCGAAAACCCATCTCT,AGAGATGGGTTTTCGCTATGTTGGC*C*AGGCTGGTTTTGAACTCCGGACCTC,50.943396226415096,False,False,True,True
cancer,colon,rs186474654,ERAP2,chr5,96801755,96801730,96801780,G,A,False,TAATCCCAGCTACTCAGGAGGCTGA*G*GCAGGAGAATTGCTTGAACCCGGGA,TCCCGGGTTCAAGCAATTCTCCTGC*C*TCAGCCTCCTGAGTAGCTGGGATTA,52.83018867924528,False,False,True,False
skin,Rosacea|Rosacea|Cutaneous lupus,rs2607014,HLA-C|HLA-C|HLA-C,chr6,31793436,31793411,31793461,G,A,True,CAGGAGAATGGCATGAACCCAGGAG*G*TGGAGCTTGCAGTGAGCCGAGATCA,TGATCTCGGCTCACTGCAAGCTCCA*C*CTCCTGGGTTCATGCCATTCTCCTG,54.716981132075475,False,False,True,False
skin,Cutaneous lupus|Cutaneous lupus|Cutaneous lupus,rs9263582,HLA-C|HLA-C|HLA-C,chr6,31102887,31102862,31102912,G,A,True,ACCAATGTTCACTTAAAGCCCAAAG*G*TGGCCGGCTGTGGTGGCTCACGCCT,AGGCGTGAGCCACCACAGCCGGCCA*C*CTTTGGGCTTTAAGTGAACATTGGT,54.716981132075475,False,False,True,False
skin,Atopic dermatitis,rs28600230,HLA-C,chr6,31307965,31307940,31307990,G,A,True,CCGCTGTCCAGGTCTGCAGGTCCTC*G*TTCAGGGACATGAAATCTCCTTGTC,GACAAGGAGATTTCATGTCCCTGAA*C*GAGGACCTGCAGACCTGGACAGCGG,54.716981132075475,False,False,True,True
skin,Rosacea|Dermatomyositis|Rosacea|Cutaneous lupus,rs433061,HLA-C|HLA-C|HLA-C|HLA-C,chr6,32047051,32047026,32047076,G,A,True,GGAGAAGACAGGGGATTAGCTGGGA*G*AACAGAGGGCAGAGCAGAGGCTTGC,GCAAGCCTCTGCTCTGCCCTCTGTT*C*TCCCAGCTAATCCCCTGTCTTCTCC,56.60377358490566,False,False,True,False
cancer,hmec,rs3095327,HLA-E;HLA-C;HLA-S;HLA-K;HLA-J;HLA-H;HLA-G;HLA-V;HLA-L;HLA-A,chr6,30731245,30731220,30731270,G,A,True,CACGCCTGTAATCCTAGCGCTTTGG*G*AGGCCAAGGAGGGTGGATTGCCTGA,TCAGGCAATCCACCCTCCTTGGCCT*C*CCAAAGCGCTAGGATTACAGGCGTG,56.60377358490566,False,False,True,False
cancer,airway,rs9265965,HLA-C;HLA-S;HLA-B,chr6,31347852,31347827,31347877,T,C,True,GTTCCTGGCCTGGTAGGAACCAGAC*T*GCACAGCAGGAGGTGATCAGTGGGT,ACCCACTGATCACCTCCTGCTGTGC*A*GTCTGGTTCCTACCAGGCCAGGAAC,56.60377358490566,False,False,True,False
skin,Rosacea,rs17187896,HLA-V;HLA-K,chr6,30103530,30103505,30103555,G,A,True,CACCACCGCTCCCCGTGTTCTCTGA*G*CTGGCTTAGCTTGAAGGAACCTCAC,GTGAGGTTCCTTCAAGCTAAGCCAG*C*TCAGAGAACACGGGGAGCGGTGGTG,56.60377358490566,False,False,True,False
skin,Rosacea|Rosacea,rs33941312,HLA-L|HLA-L,chr6,31116414,31116389,31116439,T,C,True,CCGGAGCTGCTGGAAATGCTAGAAC*T*GCTGGGGACTCGAGAACTGGAGGGA,TCCCTCCAGTTCTCGAGTCCCCAGC*A*GTTCTAGCATTTCCAGCAGCTCCGG,56.60377358490566,False,False,True,False
cancer,airway,rs3130476,HLA-C;HLA-S,chr6,31834324,31834299,31834349,C,T,True,ACTATTTGCCCAGGCTGGTCCCGAA*C*TCCGGGCCTCAAATGATCCTCTGCC,GGCAGAGGATCATTTGAGGCCCGGA*G*TTCGGGACCAGCCTGGGCAAATAGT,56.60377358490566,False,False,True,True
cancer,colon,rs4764551,TAPBPL,chr12,6277170,6277145,6277195,C,T,True,GGGCAGCAGATTTCCATAAGGAAAG*C*GGCTCCTCCTCCCAGGGCTGGGTTT,AAACCCAGCCCTGGGAGGAGGAGCC*G*CTTTCCTTATGGAAATCTGCTGCCC,56.60377358490566,True,False,True,True
cancer,airway,rs3101018,HLA-C;HLA-S;HLA-B,chr6,31738087,31738062,31738112,C,T,True,TTGGGGGAGGAGTGGGGTGGAGTGA*C*GTGATGTGCTGCTGGAAACCAGCAG,CTGCTGGTTTCCAGCAGCACATCAC*G*TCACTCCACCCCACTCCTCCCCCAA,58.490566037735846,False,False,False,True
skin,Psoriasis|Psoriasis|Psoriasis,rs41293856,HLA-B|HLA-B|HLA-B,chr6,31494871,31494846,31494896,G,T,True,AAAAAGCTTTCGGGCGCCGAGGGCA*G*CCCCGCCCTGAATTTTGTGAGCGAC,GTCGCTCACAAAATTCAGGGCGGGG*C*TGCCCTCGGCGCCCGAAAGCTTTTT,58.490566037735846,False,False,False,True
skin,Rosacea|Rosacea|Cutaneous lupus|Rosacea|Rosacea|Cutaneous lupus|Rosacea|Rosacea|Cutaneous lupus,rs3101018,HLA-C|HLA-C|HLA-C|HLA-C|HLA-C|HLA-C|HLA-C|HLA-C|HLA-C,chr6,31738087,31738062,31738112,C,T,True,TTGGGGGAGGAGTGGGGTGGAGTGA*C*GTGATGTGCTGCTGGAAACCAGCAG,CTGCTGGTTTCCAGCAGCACATCAC*G*TCACTCCACCCCACTCCTCCCCCAA,58.490566037735846,False,False,False,True
skin,Atopic dermatitis,rs41293876,HLA-B,chr6,31498759,31498734,31498784,G,C,True,TGGGATTACAGGCGTGAGCCACCGC*G*CCCGACCTCCTGTCTCCTTTCAGTC,GACTGAAAGGAGACAGGAGGTCGGG*C*GCGGTGGCTCACGCCTGTAATCCCA,60.37735849056604,False,False,True,False
cancer,hmec,rs2706336,IRF1,chr5,132464269,132464244,132464294,T,C,True,CAGTGGGTTCTACCAGTCCAGTACC*T*GCCCTCTGAGGGTGCCCAGGGAGCA,TGCTCCCTGGGCACCCTCAGAGGGC*A*GGTACTGGACTGGTAGAACCCACTG,60.37735849056604,False,False,True,False
cancer,hmec,rs192042122,PSME3,chr17,42745150,42745125,42745175,T,A,FALSE,GCCGCGCGGACGCACTACTGTCATT*T*GCCGCCAAAACCCCGCACTCAGGAG,CTCCTGAGTGCGGGGTTTTGGCGGC*A*AATGACAGTAGTGCGTCCGCGCGGC,62.264150943396224,False,False,False,True
cancer,colon,rs6121557,ADRM1,chr20,62386215,62386190,62386240,T,C,True,CCGCGCTGCTCCCTCCGTCTACCGG*T*TTGGAGCTTCTCCTGGCAACAGGGT,ACCCTGTTGCCAGGAGAAGCTCCAA*A*CCGGTAGACGGAGGGAGCAGCGCGG,62.264150943396224,False,False,True,False
skin,Rosacea|Cutaneous lupus|Rosacea|Cutaneous lupus|Rosacea|Cutaneous lupus,rs3131383,HLA-C|HLA-C|HLA-C|HLA-C|HLA-C|HLA-C,chr6,31736517,31736492,31736542,G,T,True,AGCTCCTCCAGCTCGGTCCTCTCCC*G*GGCTGGATCAGAGAGCCGCTGACTC,GAGTCAGCGGCTCTCTGATCCAGCC*C*GGGAGAGGACCGAGCTGGAGGAGCT,64.15094339622641,True,False,True,False
skin,Rosacea|Rosacea|Rosacea,rs114052920,HLA-V;HLA-G;HLA-K;HLA-L|HLA-V;HLA-G;HLA-K;HLA-L|HLA-V;HLA-G;HLA-K;HLA-L,chr6,30326421,30326396,30326446,A,C,True,AAGTGACGTGCCAGCTTAGCCCCGC*A*GGTCCGCCACGTAATTGGCCGCCGC,GCGGCGGCCAATTACGTGGCGGACC*T*GCGGGGCTAAGCTGGCACGTCACTT,64.15094339622641,True,False,True,False
skin,Atopic dermatitis|Atopic dermatitis|Atopic dermatitis,rs9366775,HLA-C|HLA-C|HLA-C,chr6,31272319,31272294,31272344,G,A,True,GCCCTTGGAGCCTGAGACCCTGAGA*G*CCCCGCCCGGGACCTGGGACTTCGT,ACGAAGTCCCAGGTCCCGGGCGGGG*C*TCTCAGGGTCTCAGGCTCCAAGGGC,67.9245283018868,False,False,True,False
skin,Rosacea|Psoriasis|Rosacea|Rosacea|Psoriasis|Rosacea|Rosacea|Psoriasis|Rosacea,rs3132090,HLA-E;HLA-C|HLA-E;HLA-C|HLA-E;HLA-C|HLA-E;HLA-C|HLA-E;HLA-C|HLA-E;HLA-C|HLA-E;HLA-C|HLA-E;HLA-C|HLA-E;HLA-C,chr6,31462975,31462950,31463000,G,A,True,GCTCTCTGGGCTTCAGGCCCCGAGG*G*CGGTGCCTGGGATGGGCCGGCTCAG,CTGAGCCGGCCCATCCCAGGCACCG*C*CCTCGGGGCCTGAAGCCCAGAGAGC,71.69811320754717,False,False,True,False
Marten,Psoriasis,rs1050414,HLA-C,chr6,31271729,31271704,31271754,C,G,TRUE,CCTCCTGCTCCACCCACGGCGCCCG*C*GGCTCCCCTCTCGGACTCGCGGCGT,ACGCCGCGAGTCCGAGAGGGGAGCC*G*CGGGCGCCGTGGGTGGAGCAGGAGG,75.47169811320755,False,False,True,False
